{
    "precision": 0.9187071498530852,
    "recall": 0.9670103092783505,
    "f1_score": 0.9422400803616273
}