{
    "precision": 0.8815426997245179,
    "recall": 0.9846153846153847,
    "f1_score": 0.9302325581395349
}